{"base_files_url": "https://raw.githubusercontent.com/ajgowans/alt-cores/0d972e7876e8c7dc67570404a3a132b9b26069f3/", "db_id": "ajgowans/alt-cores", "db_url": "https://raw.githubusercontent.com/ajgowans/alt-cores/db/db.json.zip", "files": {"_Other/Genesis_20250720.rbf": {"hash": "b3ee6f08d4dc174e660e4b56b1a20cc3", "size": 3733716, "tags": [4, 20, 22, 23]}, "_Other/N64_80MHz_20241214.rbf": {"hash": "03121e4b7300582d1eb4dcb7c17a162b", "size": 3841208, "tags": [20, 22, 24]}, "_Other/PSX2XCPU_20250716.rbf": {"hash": "c6313409142ac47f9057488c9ee0ee24", "size": 4500940, "tags": [20, 22, 25]}}, "folders": {"_Other": {"tags": [20, 22]}}, "tag_dictionary": {"cores": 22, "genesis": 4, "genesiscore": 23, "megadrive": 4, "n6480mhz": 24, "other": 20, "othercores": 20, "psx2xcpu": 25}, "timestamp": 1753119619}